{
    "fixations": [
        {
            "duration": 0.08000000000000002,
            "target": 1,
            "dispersion": 0.023456789012345,
            "centroid": [
                0.052147852369874,
                0.131478963258741,
                0.9882357461235698
            ],
            "start_index": 7,
            "end_index": 11,
            "2d_centroid": [
                0.2014587321456789,
                -0.0374852963147852
            ],
            "2d_dispersion": 0.0049875632147852,
            "z_plane": -0.22,
            "eye_center": [
                0.18215999999999998,
                -0.095687412536987,
                -0.65691257893641
            ],
            "mean_pupil": 1.1421758963245871
        },
        {
            "duration": 0.09599999999999997,
            "target": 1,
            "dispersion": 0.034587123697458,
            "centroid": [
                0.125874123698547,
                0.076852341789654,
                0.9871456321987456
            ],
            "start_index": 13,
            "end_index": 19,
            "2d_centroid": [
                0.2289654321789654,
                -0.0618974563218974
            ],
            "2d_dispersion": 0.0098765432156789,
            "z_plane": -0.22,
            "eye_center": [
                0.17935999999999997,
                -0.0952147852369874,
                -0.6398756412369874
            ],
            "mean_pupil": 1.2064987523617854
        }
    ],
    "saccades": [
        {
            "duration": 0.03199999999999997,
            "amplitude": [
                0.4387456123698745
            ],
            "offset": [
                0.1456789012345678,
                -0.1789654321098765,
                0.0174563218974563
            ],
            "source": 0.0,
            "target": 1.0,
            "start_index": 5,
            "end_index": 7
        }
        
    ],
    "blinks": [
        {
            "duration": 0.06399999999999999,
            "start_index": 0,
            "end_index": 5
        }
    ]
}
