{
    "fixations": [
        {
            "duration": 0.07800000000000001,
            "target": 1,
            "dispersion": 0.021987654321098,
            "centroid": [
                0.048963257412369,
                0.127896325874123,
                0.9896574123698521
            ],
            "start_index": 7,
            "end_index": 11,
            "2d_centroid": [
                0.1987451236987452,
                -0.0352147896321478
            ],
            "2d_dispersion": 0.0047123658974521,
            "z_plane": -0.22,
            "eye_center": [
                0.18303999999999998,
                -0.0923654789632147,
                -0.6612587412369874
            ],
            "mean_pupil": 1.0998765432109876
        },
        {
            "duration": 0.09199999999999999,
            "target": 1,
            "dispersion": 0.032147896523698,
            "centroid": [
                0.122365478963214,
                0.074123658741236,
                0.9887456321574896
            ],
            "start_index": 13,
            "end_index": 18,
            "2d_centroid": [
                0.2214785236974125,
                -0.0596325874123697
            ],
            "2d_dispersion": 0.0094578632147852,
            "z_plane": -0.22,
            "eye_center": [
                0.18019999999999997,
                -0.0925874123698741,
                -0.6425874123698741
            ],
            "mean_pupil": 1.1899876543210987
        }
    ],
    "saccades": [
        {
            "duration": 0.03099999999999998,
            "amplitude": [
                0.4254789632147852
            ],
            "offset": [
                0.1412369874563210,
                -0.1741258963247896,
                0.0169874563214785
            ],
            "source": 0.0,
            "target": 1.0,
            "start_index": 5,
            "end_index": 7
        }
        
    ],
    "blinks": [
        {
            "duration": 0.06199999999999999,
            "start_index": 0,
            "end_index": 5
        }
    ]
}
